R07602	#FF7F50	Node45983
R00480	#FF7F50	Node45983
R08059	#FF7F50	Node45983
R07599	#FF7F50	Node45983
R07412	#FF7F50	Node45983
R10997	#FF7F50	Node45983
R05626	#FF7F50	Node45983
R00660	#FF7F50	Node45983
R00396	#FF7F50	Node45983
R01717	#FF7F50	Node45983
R01745	#FF7F50	Node45983
R01056	#FF7F50	Node45983
R08166	#FF7F50	Node45983
R03664	#FF7F50	Node45983
R01867	#FF7F50	Node45983
R09030	#FF7F50	Node45983
R01226	#FF7F50	Node45983
R10996	#FF7F50	Node45983
R00315	#FF7F50	Node45983
R07603	#FF7F50	Node45983
R07601	#FF7F50	Node45983
R02240	#FF7F50	Node45983
R01353	#FF7F50	Node45983
R07600	#FF7F50	Node45983
R01402	#FF7F50	Node45983
R01747	#FF7F50	Node45983
R07604	#FF7F50	Node45983
R00420	#FF7F50	Node45983
R09513	#FF0000	Node45983
R08109	#FF0000	Node45983
R05291	#FF0000	Node45983
R09493	#FF0000	Node45983
R05621	#FF0000	Node45983
R00847	#FF0000	Node45983
R08108	#FF0000	Node45983
R09839	#FF0000	Node45983
R01374	#FF0000	Node45983
R05665	#FF0000	Node45983
R01676	#FF0000	Node45983
R02550	#FF0000	Node45983
R09820	#FF0000	Node45983
R05222	#FF0000	Node45983
R05428	#FF0000	Node45983
R00411	#FF0000	Node45983
R05221	#FF0000	Node45983
R10159	#FF0000	Node45983
R08100	#FF0000	Node45983
R00974	#FF0000	Node45983
R01602	#FF0000	Node45983
R06558	#FF0000	Node45983
R09836	#FF0000	Node45983
R05622	#FF0000	Node45983
R09722	#FF0000	Node45983
R03187	#FF0000	Node45983
R09837	#FF0000	Node45983
R05290	#FF0000	Node45983
R03562	#FF0000	Node45983
R08110	#FF0000	Node45983
R05666	#FF0000	Node45983
R08101	#FF0000	Node45983
R01993	#FF0000	Node45983
R00207	#FF0000	Node45983
R04638	#FF0000	Node45983
R00251	#FF0000	Node45983
R01411	#FF0000	Node45983
R01092	#FF0000	Node45983
R03145	#FF0000	Node45983
R02922	#FF0000	Node45983
R09840	#FF0000	Node45983
R00371	#FF0000	Node45983
R10619	#FF0000	Node45983
R04148	#FF0000	Node45983
R02539	#FF0000	Node45983
R01157	#0000FF	Node45983
R00174	#0000FF	Node45983
R01909	#0000FF	Node45983
R11372	#0000FF	Node45983
R02493	#0000FF	Node45983
R06265	#FFFF00	Node45983
R01818	#FFFF00	Node45983
R06267	#FFFF00	Node45983
R08639	#FFFF00	Node45983
R10938	#FFFF00	Node45983
R00959	#FFFF00	Node45983
R08878	#FFFF00	Node45983
R10068	#FFFF00	Node45983
R05617	#FFFF00	Node45983
R06266	#FFFF00	Node45983
R01287	#FFFF00	Node45983
R06858	#FFFF00	Node45983
R04031	#FFFF00	Node45983
R10757	#FFFF00	Node45983
R07069	#00FFFF	Node45983
R00524	#00FFFF	Node45983
R06895	#00FFFF	Node45983
R00766	#00FFFF	Node45983
R00805	#00FFFF	Node45983
R02566	#00FFFF	Node45983
R07023	#00FFFF	Node45983
R07003	#00FFFF	Node45983
R06211	#00FFFF	Node45983
R01016	#00FFFF	Node45983
R03522	#00FFFF	Node45983
R03643	#00FFFF	Node45983
R07091	#00FFFF	Node45983
R07092	#00FFFF	Node45983
R07100	#00FFFF	Node45983
R03816	#00FFFF	Node45983
R07093	#00FFFF	Node45983
R07024	#00FFFF	Node45983
R08982	#00FFFF	Node45983
R02964	#00FFFF	Node45983
R02565	#00FFFF	Node45983
R07113	#00FFFF	Node45983
R07083	#00FFFF	Node45983
R01064	#00FFFF	Node45983
R01066	#00FFFF	Node45983
R00667	#00FFFF	Node45983
R07084	#00FFFF	Node45983
R02283	#00FFFF	Node45983
R09409	#00FFFF	Node45983
R08280	#00FFFF	Node45983
R02421	#00FFFF	Node45983
R09936	#00FFFF	Node45983
R07002	#00FFFF	Node45983
R07025	#00FFFF	Node45983
R02555	#00FFFF	Node45983
R07094	#00FFFF	Node45983
R07116	#00FFFF	Node45983
R07026	#00FFFF	Node45983
R07070	#00FFFF	Node45983
R11905	#00FFFF	Node45983
R07004	#00FFFF	Node45983
R04930	#FF00FF	Node45983
R09366	#FF00FF	Node45983
R06593	#FF00FF	Node45983
R09083	#FF00FF	Node45983
R01001	#FF00FF	Node45983
R03877	#FF00FF	Node45983
R02000	#FF00FF	Node45983
R10695	#FF00FF	Node45983
R00842	#808080	Node45983
R05320	#808080	Node45983
R00776	#808080	Node45983
R01710	#808080	Node45983
R05644	#808080	Node45983
R00844	#808080	Node45983
R00277	#808080	Node45983
R05810	#808080	Node45983
R00602	#808080	Node45983
R00217	#808080	Node45983
R10991	#808080	Node45983
R00935	#808080	Node45983
R07414	#808080	Node45983
R01639	#808080	Node45983
R01257	#808080	Node45983
R01825	#808080	Node45983
R01716	#808080	Node45983
R01280	#808080	Node45983
R00922	#808080	Node45983
R00203	#808080	Node45983
R00926	#808080	Node45983
R00021	#808080	Node45983
R00658	#808080	Node45983
R00190	#808080	Node45983
R03601	#808080	Node45983
R01446	#808080	Node45983
R00089	#808080	Node45983
R04210	#808080	Node45983
R04405	#808080	Node45983
R02071	#808080	Node45983
R00316	#808080	Node45983
R02274	#808080	Node45983
R04007	#808080	Node45983
R10002	#808080	Node45983
R00706	#808080	Node45983
R04756	#808080	Node45983
R11062	#808080	Node45983
R04929	#808080	Node45983
R09107	#808080	Node45983
R07443	#808080	Node45983
R00610	#808080	Node45983
R00299	#808080	Node45983
R00189	#808080	Node45983
R02021	#808080	Node45983
R00848	#808080	Node45983
R01711	#808080	Node45983
R03470	#808080	Node45983
R00705	#808080	Node45983
R07210	#808080	Node45983
R00235	#808080	Node45983
R11906	#808080	Node45983
R01090	#808080	Node45983
R00790	#808080	Node45983
R01214	#808080	Node45983
R00434	#808080	Node45983
R06977	#808080	Node45983
R01600	#808080	Node45983
R01025	#808080	Node45983
R00150	#808080	Node45983
R00410	#808080	Node45983
R00361	#808080	Node45983
R04173	#808080	Node45983
R02300	#808080	Node45983
R00236	#808080	Node45983
R07417	#808080	Node45983
R01333	#808080	Node45983
R00619	#808080	Node45983
R05181	#808080	Node45983
R04710	#808080	Node45983
R05085	#808080	Node45983
R05706	#808080	Node45983
R05646	#808080	Node45983
R03232	#808080	Node45983
R02670	#808080	Node45983
R01786	#808080	Node45983
R01856	#808080	Node45983
R03132	#808080	Node45983
R03595	#808080	Node45983
R00485	#808080	Node45983
R04928	#808080	Node45983
R00009	#808080	Node45983
R10086	#808080	Node45983
R02199	#808080	Node45983
R00669	#808080	Node45983
R07346	#808080	Node45983
R06836	#808080	Node45983
R00897	#808080	Node45983
R02991	#808080	Node45983
R01354	#808080	Node45983
R03919	#808080	Node45983
R01623	#808080	Node45983
R07418	#808080	Node45983
R10906	#808080	Node45983
R00278	#808080	Node45983
R03177	#808080	Node45983
R01874	#808080	Node45983
R00238	#808080	Node45983
R01398	#808080	Node45983
R04378	#808080	Node45983
R00698	#808080	Node45983
R04286	#808080	Node45983
R00360	#808080	Node45983
R09959	#808080	Node45983
R00289	#808080	Node45983
R07363	#808080	Node45983
R00529	#808080	Node45983
R00704	#808080	Node45983
R01123	#808080	Node45983
R05553	#808080	Node45983
R04125	#808080	Node45983
R07364	#808080	Node45983
R00196	#808080	Node45983
R01177	#808080	Node45983
R10206	#808080	Node45983
R02596	#808080	Node45983
R00509	#808080	Node45983
R04385	#808080	Node45983
R05426	#FFA500	Node45983
R05425	#FFA500	Node45983
R07706	#FFA500	Node45983
R06909	#FFA500	Node45983
R07710	#FFA500	Node45983
R05422	#FFA500	Node45983
R02777	#FFA500	Node45983
R11785	#FFA500	Node45983
R07704	#FFA500	Node45983
R05424	#FFA500	Node45983
R09233	#FFA500	Node45983
R06937	#FFA500	Node45983
R02968	#FFA500	Node45983
R01134	#FFA500	Node45983
R09159	#FFA500	Node45983
R05427	#FFA500	Node45983
R07709	#FFA500	Node45983
R05423	#FFA500	Node45983
R06930	#FFA500	Node45983
R01515	#800080	Node45983
R05614	#800080	Node45983
R01421	#800080	Node45983
R00317	#800080	Node45983
R04988	#800080	Node45983
R08769	#800080	Node45983
R08781	#800080	Node45983
